"country","year","product_count","avg_kcal_100g","avg_sugars_100g","avg_salt_100g","avg_fat_100g","avg_proteins_100g","ultra_processed_percentage"
"Argentina","2013","3","520.33","34.57","0.28","32.97","12.87","66.67"
"Argentina","2014","3","144.77","31.05","0.21","4.2","4.4","66.67"
"Argentina","2015","3","309.56","18.95","0.92","13.35","8.85","66.67"
"Argentina","2016","8","384.57","14.4","0.4","51.28","6.78","42.86"
"Argentina","2017","14","250.21","22.97","1.31","13.31","5.1","63.64"
"Argentina","2018","46","259.18","20.4","14.7","12.98","8.63","51.61"
"Argentina","2019","64","308.44","19.93","1.24","15.89","7.64","74.14"
"Argentina","2020","47","311.77","22.09","0.99","20.61","9.24","64.1"
"Argentina","2021","51","284.17","21.43","0.65","14.08","6.55","78.57"
"Argentina","2022","33","299.37","17.71","1.12","14.91","8.77","60"
"Argentina","2023","50","359.42","16.72","3.25","22.82","12.74","79.31"
"Argentina","2024","114","313.38","19.63","13.38","14.61","8.88","70.59"
"Argentina","2025","89","331.31","13.82","11.39","18.62","10.23","70.21"
"Argentina","2026","2","383.15","19.87","41.55","13.11","21.8",""
"Australia","2012","13","412.59","20.92","0.51","21.83","8.67","41.67"
"Australia","2013","16","381.56","13.7","1.04","25.85","8.4","53.33"
"Australia","2014","27","217.59","15.02","1.26","12.98","5.07","61.54"
"Australia","2015","88","288.63","18.43","2.52","18.28","6.13","65.48"
"Australia","2016","65","323.82","21.39","2.33","19.68","7.65","60.66"
"Australia","2017","118","288.08","14.18","1.39","15.89","9.24","54.72"
"Australia","2018","147","325.31","15.38","2.54","18.91","8.87","65.41"
"Australia","2019","98","285.12","14.8","5.17","18.01","6.65","59.26"
"Australia","2020","98","6644.6","8.26","1.03","18.67","8.14","59.34"
"Australia","2021","88","295.09","7.82","0.61","21.1","9.49","61.97"
"Australia","2022","58","277.5","13.88","1.05","11.84","15.09","61.36"
"Australia","2023","31","391.93","13.25","36.96","18.05","9.87","75.86"
"Australia","2024","51","624.92","12.31","0.55","13.13","6.86","64.29"
"Australia","2025","10","387.95","19.74","1.1","22.33","7.34","87.5"
"Austria","2012","25","292.29","15.01","0.39","17.26","10.09","56"
"Austria","2013","34","325.93","23.22","0.68","18.37","7.54","64.71"
"Austria","2014","44","319.63","15.59","3.6","15.78","7.09","54.76"
"Austria","2015","79","331.01","20.69","1.39","19.37","7.03","74.36"
"Austria","2016","91","309.03","16.64","0.87","17.58","6.48","48.86"
"Austria","2017","118","339.82","19.16","0.83","18.52","7.36","61.74"
"Austria","2018","114","298.04","16.34","1.08","15.81","7.77","66.35"
"Austria","2019","100","303.96","12.44","1.06","18.81","8.47","54.74"
"Austria","2020","65","316.49","13.88","0.5","19.39","9.69","55.93"
"Austria","2021","69","262.85","14.22","0.64","14.63","7.32","66.13"
"Austria","2022","66","315.42","9.79","1.1","21.04","11.56","72.73"
"Austria","2023","57","285.95","13.21","0.51","18.26","7.89","66.67"
"Austria","2024","59","294.73","13.33","0.82","12.44","7.56","66"
"Austria","2025","26","317.96","10.53","0.45","13.44","12.66","59.09"
"Belgium","2012","89","308.53","15.45","2.15","17.46","8.37","52.87"
"Belgium","2013","135","349.7","18.54","1.43","17.49","8.44","65.89"
"Belgium","2014","87","298.92","14.69","0.8","15.71","8.4","45.35"
"Belgium","2015","123","313.86","13.32","0.59","16.56","8.16","60.33"
"Belgium","2016","90","302.77","15.29","0.71","16.58","8.28","61.8"
"Belgium","2017","81","279.24","14.25","1.24","16.38","6.95","64.94"
"Belgium","2018","71","278.39","13.23","0.48","13.36","8","67.65"
"Belgium","2019","52","275.78","9.79","0.51","18.53","8.02","65.38"
"Belgium","2020","39","311.71","13.94","1.5","17.03","9.8","71.05"
"Belgium","2021","59","313.24","15.37","0.34","16.98","8.02","71.19"
"Belgium","2022","32","294.26","6.6","1.66","19.64","9.34","78.12"
"Belgium","2023","49","278.53","14.1","0.38","11.81","8.23","75.51"
"Belgium","2024","29","304.44","15.73","0.47","15.23","7.95","84.62"
"Belgium","2025","2","195.5","40","0.52","2.35","2.5","0"
"Brazil","2012","4","264.35","7.95","0.13","1.8","11.03","33.33"
"Brazil","2013","18","706.05","18.87","0.7","21.71","6.38","80"
"Brazil","2014","12","350.88","10.33","0.74","24.06","9.74","57.14"
"Brazil","2015","7","420.7","42.17","0.27","27.6","6.31","100"
"Brazil","2016","3","237.5","50","0.9","2.7","30.25","33.33"
"Brazil","2017","7","405.39","32.67","0.32","15.98","8.58","60"
"Brazil","2018","45","366.77","31.49","1.32","24.03","10.47","66.67"
"Brazil","2019","74","290.97","17.26","0.97","16.22","8.89","72.73"
"Brazil","2020","60","352.79","19.84","1.17","21.04","9.3","64.86"
"Brazil","2021","51","274.42","20.28","1.84","17.84","6.15","75.86"
"Brazil","2022","98","300.24","18.35","21.62","19.11","7.7","65.12"
"Brazil","2023","202","267","16.73","30.85","18.08","6.86","71.11"
"Brazil","2024","154","325.19","14.41","34.14","15.19","10.31","73.33"
"Brazil","2025","99","283.45","15.94","1.53","15.64","9.11","77.19"
"Brazil","2026","4","103.58","2.83","0.3","20.02","1.15","100"
"Canada","2012","17","322.81","25.14","0.41","17.35","5.76","62.5"
"Canada","2013","19","335.96","21.87","3.39","16.49","10","61.11"
"Canada","2014","21","338","23.4","2.36","21.9","6.24","63.16"
"Canada","2015","53","307.96","16.19","1.27","19.81","6.73","61.54"
"Canada","2016","57","328.48","16.8","0.95","20.82","8.82","56.86"
"Canada","2017","109","358.58","21.49","1.37","19.87","8.79","60.82"
"Canada","2018","235","330.72","24.9","3.14","22.48","11.47","62.38"
"Canada","2019","54","342.68","16.07","0.86","16.02","10.44","62.5"
"Canada","2020","98","360.56","15.65","5.67","22.43","13.4","60.24"
"Canada","2021","48","348.39","15.08","0.78","20.55","11.64","71.43"
"Canada","2022","34","383.97","17.91","1.32","21.59","11.87","71.43"
"Canada","2023","28","381.42","12.79","1.18","15.93","10.4","87.5"
"Canada","2024","44","335.84","15.55","0.95","12.45","10.6","67.86"
"Canada","2025","15","343.06","23.08","0.62","15.04","9.55","62.5"
"Chile","2013","2","297","16.35","0.45","9.35","7.05","100"
"Chile","2014","2","387.5","57.5","4.04","16","7","100"
"Chile","2015","5","475.82","30.97","0.54","29.78","6.3","75"
"Chile","2016","19","283.05","16.54","15.48","22.89","5.2","64.71"
"Chile","2017","12","285.56","16.2","0.6","9.61","6.24","77.78"
"Chile","2018","43","327.8","13.13","3.94","15.03","8.5","55.56"
"Chile","2019","72","243.87","13.87","0.68","11.55","9.24","70"
"Chile","2020","112","275.9","14.57","1.94","13.41","8.21","80"
"Chile","2021","130","230.56","12.29","169.13","9.83","8.09","77.53"
"Chile","2022","99","262.06","8.55","71.24","16.4","8.08","75.93"
"Chile","2023","101","260.35","14.49","0.99","23.52","8.56","76.47"
"Chile","2024","158","237.33","9.53","1.27","12.52","11.48","76.56"
"Chile","2025","65","304.51","15.25","17.98","15.89","7.29","86.21"
"Chile","2026","1","186.67","0.1","0.59","13.67","14.33",""
"China","2012","4","298.85","19.27","0.54","14.47","7.6","33.33"
"China","2014","4","328.39","28.1","0.02","24.71","6.65","100"
"China","2015","30","342.49","30.39","0.41","19.48","7.86","78.57"
"China","2016","25","213.59","19.92","2","11.45","4.63","61.54"
"China","2017","18","297.39","14.35","1.59","11.55","11.08","50"
"China","2018","60","217.49","12.06","1.55","16.7","10.1","77.78"
"China","2019","41","287.01","18.33","2.89","17.29","7.99","65.22"
"China","2020","40","3170.32","11.64","18.53","12.65","6.28","60.87"
"China","2021","62","245.18","17.48","9.9","15.19","10.23","68.75"
"China","2022","25","214.67","15.21","33.66","14.48","8.91","66.67"
"China","2023","52","260.36","11.9","2.53","14.6","8.34","57.14"
"China","2024","15","279.89","17.4","0.84","18.77","7.86","80"
"China","2025","58","305.65","13.06","2.64","13.26","9.06","76.67"
"Colombia","2013","1","444","32","0.2","12","7","100"
"Colombia","2014","3","316.69","4.07","3.53","14.09","5.75","100"
"Colombia","2015","4","199.75","9.85","0.73","10.88","6.55","75"
"Colombia","2016","6","313.33","27.3","0.61","10.3","7.08","66.67"
"Colombia","2017","7","394.38","25.87","0.25","24.79","10.12","66.67"
"Colombia","2018","26","293.71","18.7","0.76","17.28","10.07","80"
"Colombia","2019","43","314.47","17.35","0.75","17.61","9.61","60.61"
"Colombia","2020","77","283.77","14.21","2.47","18.96","8.99","80.39"
"Colombia","2021","110","285.99","14.25","1078.31","13.2","9.03","73.68"
"Colombia","2022","108","334.08","14.38","31.63","22.94","9.55","45.83"
"Colombia","2023","68","270.64","13.53","0.58","18.14","10.49","75"
"Colombia","2024","141","336.82","9.03","11.22","24","11.56","48.72"
"Colombia","2025","75","250.05","10.36","77.02","12.13","10.62","52"
"Colombia","2026","1","160","","","","","100"
"Czech Republic","2012","12","374.14","19.28","1.89","29.17","10.48","54.55"
"Czech Republic","2013","13","322.24","21.73","0.33","13.16","5","66.67"
"Czech Republic","2014","17","210.2","13.37","2.51","8.9","6.11","46.67"
"Czech Republic","2015","47","280.76","20.58","1.42","18.98","7.48","61.7"
"Czech Republic","2016","62","276.52","17.04","0.65","14.35","5.76","44.07"
"Czech Republic","2017","97","322.63","22.96","0.53","16.21","7.3","59.55"
"Czech Republic","2018","119","280.19","19.54","0.43","13.21","5.96","69.81"
"Czech Republic","2019","80","284.12","17.52","0.6","14.25","6.17","62.12"
"Czech Republic","2020","73","470.36","11.62","0.77","13.49","8.07","56.14"
"Czech Republic","2021","112","256.87","8.94","0.72","10.97","8.09","71.26"
"Czech Republic","2022","71","256.89","12.91","0.58","16.38","7.8","63.83"
"Czech Republic","2023","73","227.21","12.3","0.53","11.85","6.58","62.75"
"Czech Republic","2024","103","306.93","16.36","0.51","13.83","8.45","65.15"
"Czech Republic","2025","47","324.29","23.84","2.31","16.98","6.86","73.53"
"Denmark","2012","8","312.22","17.38","2.27","19.59","9.24","57.14"
"Denmark","2013","11","341.57","21.06","1.29","17.73","10.31","50"
"Denmark","2014","14","234.12","16.56","0.99","13.37","7.78","50"
"Denmark","2015","39","341.61","20.9","0.95","21.99","6.32","66.67"
"Denmark","2016","12","440.83","25.21","0.74","28.91","8.65","63.64"
"Denmark","2017","57","265.46","21.19","2.76","19.31","8.71","65.31"
"Denmark","2018","48","337.42","16.23","0.95","14.06","8.87","60"
"Denmark","2019","42","284.06","14.98","0.74","18.09","6.91","62.5"
"Denmark","2020","35","298","24.17","0.48","15.91","9.92","53.85"
"Denmark","2021","107","273.4","11.58","1.54","15.53","8.73","63.89"
"Denmark","2022","89","276.18","11.35","1.94","15.96","10.05","67.92"
"Denmark","2023","87","240.4","8.96","0.82","13.7","10.66","61.67"
"Denmark","2024","155","254.35","14.85","1.03","13.19","8.72","55.26"
"Denmark","2025","94","303.98","13.29","1.44","19.02","10.45","64.29"
"Denmark","2026","2","578","37","0.11","38","9.7",""
"Egypt","2013","2","225","17.75","0.29","7.4","8.1","100"
"Egypt","2014","2","510.22","27.37","1.18","27.09","7.27","100"
"Egypt","2015","2","266.5","32","0.57","17.5","6.5","100"
"Egypt","2017","4","375.14","6.65","0.28","23.77","9.92","66.67"
"Egypt","2018","23","308.98","19.16","2","14.88","6.19","62.5"
"Egypt","2019","26","306.69","22.01","4.69","17.72","10.18","100"
"Egypt","2020","39","285.5","17.25","0.61","18.33","8.4","87.5"
"Egypt","2021","120","263.95","14.76","1.04","13.92","8.76","53.85"
"Egypt","2022","52","254.62","28.43","3.22","14.11","6.15","81.82"
"Egypt","2023","20","210.94","19.17","1.58","10.81","9.06","100"
"Egypt","2024","73","292.98","17.45","0.68","16.1","10.6","75"
"Egypt","2025","90","318.75","20.71","0.64","17.16","7.73","90.91"
"Egypt","2026","5","300.22","19.46","1.39","16.55","8.63",""
"Finland","2012","12","388.31","23.74","2.05","28.51","8.17","66.67"
"Finland","2013","10","431.29","37","0.54","22.67","5.4","66.67"
"Finland","2014","19","263.42","23.52","0.85","12.57","4.3","73.68"
"Finland","2015","28","320.5","23.58","0.56","14.25","6.12","74.07"
"Finland","2016","35","278.27","19.52","0.93","14.15","7.76","60"
"Finland","2017","49","274.25","20.01","0.65","16","9.15","64.58"
"Finland","2018","87","316.8","15.58","0.74","12.21","8.21","67.86"
"Finland","2019","94","264.98","11.67","0.99","17.06","8.69","70.24"
"Finland","2020","81","297.62","15.95","0.95","16.28","9.4","61.33"
"Finland","2021","82","247.53","12.05","2.24","14.03","8.67","71.88"
"Finland","2022","94","224.4","8.54","0.58","10.98","8.75","67.14"
"Finland","2023","86","248.5","9.75","0.52","11.81","9.58","60"
"Finland","2024","170","231.59","10.92","1.5","12.92","8.95","65.74"
"Finland","2025","88","290.55","14.1","0.55","15.94","7.5","63.83"
"Finland","2026","1","573","","","50","18",""
"France","2012","72","340.7","17.31","2.77","17.93","8.53","47.89"
"France","2013","102","400.06","16.81","0.5","19.04","7.93","67"
"France","2014","77","341.3","16.54","0.71","20.19","7.03","54.05"
"France","2015","105","355.53","11.36","0.74","15.73","8.21","63.11"
"France","2016","75","386.59","16.8","0.68","19.53","7.59","68.06"
"France","2017","94","357.94","14.14","0.59","22.65","8.72","57.95"
"France","2018","100","273.2","14.77","1.8","15.55","6.73","66.67"
"France","2019","74","286.5","11.15","2.09","16","8.64","60.61"
"France","2020","47","347.23","14.48","0.61","18.8","9.24","72.09"
"France","2021","55","319","10.76","0.8","17.07","11.69","70.37"
"France","2022","34","318.58","5.15","1.28","21.18","12.39","42.42"
"France","2023","46","335.08","16.02","0.53","17.51","9.11","79.55"
"France","2024","40","324.25","13.62","1.15","15.89","9.02","76.32"
"France","2025","10","214.33","6.67","0.52","10.7","9.03","80"
"Germany","2012","69","289.97","13.97","3.12","18.77","8.71","52.94"
"Germany","2013","87","317.89","18.55","3.21","14.32","8.3","53.57"
"Germany","2014","80","341.82","18.76","1.67","14.47","7.83","57.89"
"Germany","2015","125","311.05","13.89","0.96","18.85","7.64","51.22"
"Germany","2016","98","334.83","17.93","1.19","20.93","7.55","54.74"
"Germany","2017","93","361.91","15.37","0.83","23.75","7.88","59.14"
"Germany","2018","72","310.09","13.14","0.72","18.15","9.53","54.41"
"Germany","2019","49","259.51","10.06","0.73","21","4.99","61.22"
"Germany","2020","55","309.08","14.4","0.46","19.76","8.29","62.96"
"Germany","2021","51","375.41","12.96","0.6","16.51","10.67","58.33"
"Germany","2022","46","364.59","13.22","1.6","21.32","8.65","64.44"
"Germany","2023","43","344.52","19.25","1.1","17.43","8.07","80.49"
"Germany","2024","51","399.87","19.46","0.9","22.02","7.8","76.6"
"Germany","2025","11","417.85","21.6","0.72","20.9","10.03","45.45"
"Greece","2012","5","171.2","7.48","1.09","11.47","6.83","60"
"Greece","2013","15","356.1","18.7","0.4","21.86","11.6","66.67"
"Greece","2014","10","313.93","17.52","1.58","17.1","8.79","50"
"Greece","2015","22","281.89","18.27","0.43","11.68","7.4","65"
"Greece","2016","30","247.38","15.65","4.07","8.42","6.82","61.54"
"Greece","2017","57","284.96","15.38","0.68","14.14","6.63","66"
"Greece","2018","64","311.61","14.92","0.67","16.24","7.63","67.5"
"Greece","2019","70","305.1","13.24","0.58","19.39","8.43","65.71"
"Greece","2020","74","287.56","12.45","0.69","14.56","7.78","62.5"
"Greece","2021","120","334.85","14.29","0.69","17.91","8.47","70.77"
"Greece","2022","68","286.38","8.1","0.8","19.88","8.6","58.06"
"Greece","2023","68","295.25","9.79","1.76","15.19","9.44","69.77"
"Greece","2024","146","294.69","12.36","0.8","14.12","9.9","52.94"
"Greece","2025","92","315.18","13.03","0.97","17.29","10.95","84.38"
"Greece","2026","2","201.5","16.05","0.24","3.9","5.6","100"
"Hungary","2012","13","340.65","29.3","0.16","18.86","7.15","61.54"
"Hungary","2013","16","412.57","28.61","0.32","26.69","7.74","60"
"Hungary","2014","19","336.68","17.7","0.7","20.38","6.8","64.71"
"Hungary","2015","32","336.43","19.94","0.5","18.77","8.33","62.5"
"Hungary","2016","49","263.49","13.84","5.66","14.78","7.06","73.17"
"Hungary","2017","72","374.8","19.09","0.74","17.63","6.87","64.29"
"Hungary","2018","105","300.62","15.07","1.22","18.71","7.76","67.37"
"Hungary","2019","75","833.97","13.3","1.08","18.56","8.91","56.92"
"Hungary","2020","70","334.92","12.5","0.88","18.04","10.2","65"
"Hungary","2021","89","418.53","14.81","0.65","20.15","11","61.76"
"Hungary","2022","83","303.85","8.83","0.76","18.65","7.81","59.26"
"Hungary","2023","57","291.26","11.28","0.67","15.35","8.22","72.22"
"Hungary","2024","87","237.59","12.07","1.29","15.23","9.5","55.32"
"Hungary","2025","100","276.64","14.62","0.82","15.08","8.36","69.81"
"Hungary","2026","4","216.75","6.5","0.48","42","0.5",""
"India","2012","2","301.83","20.3","0.21","41","9","50"
"India","2013","1","45","11","0.1","","","100"
"India","2014","1","0.4","","","","","100"
"India","2015","5","433.4","38","0.94","27.72","11.38","75"
"India","2016","4","44.18","12.53","1.04","2.25","3.37","66.67"
"India","2017","15","358.32","15.94","12.19","19.46","7.9","78.57"
"India","2018","49","389.74","20.28","1","24.77","9.24","70"
"India","2019","30","444.9","14.39","2.99","32.36","8.97","53.85"
"India","2020","44","319.86","17.96","2.88","23.79","7.61","80"
"India","2021","45","327.77","17.38","9.22","20.01","11.68","70.27"
"India","2022","128","334.25","15.16","3344.81","22.51","8.55","85.9"
"India","2023","90","372.3","18.4","13.89","24.45","8.45","79.17"
"India","2024","131","369.09","17.37","53.39","19.06","9.44","81.11"
"India","2025","116","396.26","22.47","176.24","20.86","8","77.78"
"Indonesia","2013","1","95","12.9","0.1","2.3","2.2","100"
"Indonesia","2014","1","382","16.9","0.4","2.3","8",""
"Indonesia","2015","5","420.24","14.14","2.71","15.06","5.62","80"
"Indonesia","2016","3","292.43","31.86","0.05","6.12","5.85","33.33"
"Indonesia","2017","8","213.84","25.94","1.69","11.42","3.33","66.67"
"Indonesia","2018","29","340.43","12.88","1.17","13.74","6.43","78.95"
"Indonesia","2019","22","291.75","20.33","1.3","16.4","6.32","100"
"Indonesia","2020","14","296.38","17.92","0.56","14.2","4.94","77.78"
"Indonesia","2021","40","335.27","22.11","7.4","16.55","8.61","50"
"Indonesia","2022","27","255.13","14.86","0.54","30.33","10.08","50"
"Indonesia","2023","65","224.28","16.93","36.36","9.36","6.37","84.62"
"Indonesia","2024","70","296.74","18.05","39.32","15.25","7.68","81.82"
"Indonesia","2025","74","309.95","16.85","66.53","14.69","8.08","76.92"
"Indonesia","2026","4","265.42","15.4","1.74","17","4.56",""
"Ireland","2012","5","374.33","13.15","6.71","47.33","10.3","0"
"Ireland","2013","12","439.55","26.18","0.68","20.32","8.98","54.55"
"Ireland","2014","19","295.72","18.39","2.41","15.66","6.68","73.68"
"Ireland","2015","30","285.48","7.99","3.93","11.91","9.88","43.33"
"Ireland","2016","31","306.1","12.02","0.62","11.69","8.53","64.29"
"Ireland","2017","52","374.79","15.44","1.87","22.49","8.27","58"
"Ireland","2018","116","320.94","9.89","1.17","16.78","10.59","57.52"
"Ireland","2019","112","298.37","9.58","0.67","18.06","7.64","44.34"
"Ireland","2020","167","288.3","10.17","0.73","15.37","8.77","45.45"
"Ireland","2021","112","295.65","9.69","1.47","15.12","10.69","59.22"
"Ireland","2022","84","298.22","9.12","0.86","13.95","10.74","64.71"
"Ireland","2023","72","308.88","11.78","0.54","15.59","9.18","61.54"
"Ireland","2024","97","622.62","11.71","0.62","31.88","34.29","70.59"
"Ireland","2025","20","351.84","15.59","0.89","15.9","14.41","80"
"Italy","2012","58","337.71","14.72","0.79","16.2","8.31","55.36"
"Italy","2013","75","339.41","17.66","0.38","18.11","8.09","52.78"
"Italy","2014","79","361.92","19.53","0.81","17.98","8.45","52.7"
"Italy","2015","115","452.83","15.14","0.9","15.02","8.19","57.52"
"Italy","2016","87","414.76","20.85","0.86","24.68","8.93","63.53"
"Italy","2017","103","369.14","17.73","0.73","15.79","7.87","67.65"
"Italy","2018","87","373.99","16.07","0.65","18.03","9.39","65.85"
"Italy","2019","46","323.58","8.05","0.59","20.94","8.46","58.7"
"Italy","2020","46","385.37","12.15","0.5","19.99","11.59","75"
"Italy","2021","77","332.21","16.01","0.48","16.91","10.03","65.33"
"Italy","2022","68","370.25","17.31","0.76","18.57","8.64","67.16"
"Italy","2023","49","329.04","14.93","0.5","17.16","8.85","61.7"
"Italy","2024","46","360.62","16.12","0.62","17.09","10.81","64.44"
"Italy","2025","8","289.71","19.84","0.37","6.31","8.8","100"
"Japan","2012","6","251.33","3.23","0.96","11.8","9.62","33.33"
"Japan","2013","10","213.73","5.86","1.03","11.42","7.35","70"
"Japan","2014","7","318.37","34.97","2.38","18.42","16.16","57.14"
"Japan","2015","13","217.76","12.43","3.74","9.1","7.8","45.45"
"Japan","2016","18","285.4","17.48","1.78","11.07","7.04","40"
"Japan","2017","39","268.41","14.83","3.41","15.45","7.59","47.06"
"Japan","2018","26","252.94","16.6","1.29","16.4","9.64","52.38"
"Japan","2019","37","224.94","19.18","2.3","10.3","6.37","66.67"
"Japan","2020","11","207.31","9.43","9.15","14.25","8.05","70"
"Japan","2021","142","292.04","13.05","0.94","13.73","8.19","70.27"
"Japan","2022","168","274.51","14.16","1.1","14.12","9.06","89.74"
"Japan","2023","96","290.2","13.05","2.15","16.97","9.8","68"
"Japan","2024","233","279.36","15.45","1.07","16.4","9.41","76.92"
"Japan","2025","113","281.19","16.51","1.04","15.38","9.9","54.55"
"Japan","2026","1","511.54","","","26.92","3.65",""
"Mexico","2012","5","195.37","5.94","4.96","8.33","7.93","40"
"Mexico","2013","3","387.19","16.17","0.08","6.67","10.67","33.33"
"Mexico","2014","7","315.07","30.69","1.19","12.11","8.28","71.43"
"Mexico","2015","25","240.27","12.53","0.95","9.15","7.09","44"
"Mexico","2016","18","219.77","13.55","2.67","8.22","8.98","64.71"
"Mexico","2017","86","255.77","15.18","1.95","12.36","7.07","63.53"
"Mexico","2018","222","226.22","13.89","1.12","10.29","7.1","73.08"
"Mexico","2019","118","285.57","13.01","1.77","18.92","7.84","62"
"Mexico","2020","49","324.61","14.99","1.31","20.7","8.4","66.67"
"Mexico","2021","54","250.37","9.08","1.19","19.51","9.39","58.14"
"Mexico","2022","40","290.64","10.54","3.54","21.32","8.17","61.54"
"Mexico","2023","42","222.44","11.07","0.93","11.94","8.45","63.64"
"Mexico","2024","70","295.72","14.22","0.83","14.66","11.76","74.19"
"Mexico","2025","41","489.29","16.93","3.97","21.37","11.91","61.9"
"Morocco","2012","37","329.69","24.73","0.66","19.12","7.09","62.16"
"Morocco","2013","63","373.92","19.3","0.41","21.14","7.22","73.77"
"Morocco","2014","28","302.74","18.46","0.43","18.87","7.13","59.26"
"Morocco","2015","39","376.2","17.76","0.6","22.15","6.81","64.86"
"Morocco","2016","47","428.62","19.76","0.6","20.36","6.69","76.19"
"Morocco","2017","55","330.81","18.21","0.47","19.35","5.84","54"
"Morocco","2018","147","243.81","17.5","0.92","18.09","5.55","67.74"
"Morocco","2019","67","367.24","19.6","3.58","21.83","6.22","50"
"Morocco","2020","33","514.88","28.73","1.56","26.56","7.58","86.96"
"Morocco","2021","44","362.73","19.01","0.78","25.78","7.78","65.79"
"Morocco","2022","42","311.9","14.22","1.11","21.98","8.1","50"
"Morocco","2023","29","315.85","24.1","0.99","22.07","8.91","85.19"
"Morocco","2024","65","288.24","16.36","1.38","20.63","7.03","68.75"
"Morocco","2025","19","269.26","22.9","0.7","21","3.85","93.75"
"Netherlands","2012","27","315.73","17.12","1.85","24.16","8.39","44"
"Netherlands","2013","37","316.79","19.96","0.66","17.92","9.43","59.46"
"Netherlands","2014","47","327.78","15.04","1.18","17.75","8.77","58.7"
"Netherlands","2015","74","266.76","16.09","2.41","11.42","7.25","45.21"
"Netherlands","2016","91","348.66","17.77","1.2","17.93","7.18","50.59"
"Netherlands","2017","100","487.42","20.32","0.69","17.84","8.23","59.14"
"Netherlands","2018","86","365.97","16.94","1.99","22.26","9.79","58.54"
"Netherlands","2019","84","370.99","10.84","0.76","23.63","9.73","53.85"
"Netherlands","2020","50","324.8","13.48","2.61","18.25","11.56","73.33"
"Netherlands","2021","51","317.75","11.55","0.7","20.35","9.28","63.04"
"Netherlands","2022","49","283.06","9.86","4.45","20.3","7.73","48.84"
"Netherlands","2023","77","276.01","13.69","0.38","15.88","8.15","68.12"
"Netherlands","2024","107","314.39","14.85","0.67","17.93","9.76","68.63"
"Netherlands","2025","34","344.85","16.84","0.44","16.78","12.21","76.92"
"New Zealand","2012","4","445.83","16.31","0.28","22.93","9.02","50"
"New Zealand","2013","4","631.25","31.55","0.51","19.24","8.17","75"
"New Zealand","2014","9","203.32","18.56","4.63","9.48","6.24","75"
"New Zealand","2015","61","277.53","13.26","2.84","12.82","7.43","55.93"
"New Zealand","2016","42","273.57","12.37","6.7","18.48","7.84","45"
"New Zealand","2017","81","299.13","17.17","1.63","17.11","7.6","62.82"
"New Zealand","2018","163","338","21.69","2.29","17.9","7.25","72.34"
"New Zealand","2019","112","300.78","12.33","0.96","17.42","9.39","68.09"
"New Zealand","2020","155","4292.05","11.35","0.91","14","6.69","69.34"
"New Zealand","2021","100","329.93","13.72","2.73","21.84","8.91","64.29"
"New Zealand","2022","63","300.79","18.24","1.05","11.77","13.07","68.75"
"New Zealand","2023","59","373.72","14.8","0.83","19.63","12.79","75.56"
"New Zealand","2024","46","380.97","23","33.97","51.76","35.39","53.57"
"New Zealand","2025","19","377.95","9.26","48.78","20.08","11.16","55.56"
"New Zealand","2026","1","348.95","51.5","0.02","","8",""
"Nigeria","2013","1","19","4.5","0.01","","","100"
"Nigeria","2016","1","2","","","","","100"
"Nigeria","2017","2","296.28","5.95","0.55","15.55","3.05","50"
"Nigeria","2018","3","256.91","10.54","1.09","7.3","6.97","100"
"Nigeria","2019","4","310.75","22.73","0.92","22.55","22.1","100"
"Nigeria","2020","9","290.4","29.7","5","40.93","5.35","50"
"Nigeria","2021","13","179.28","13.02","6.19","15.35","5.47","100"
"Nigeria","2022","59","272.72","18.39","1.12","18.9","9.34","72.73"
"Nigeria","2023","16","291.86","22.02","1.37","9.33","7.9","50"
"Nigeria","2024","38","1904.98","20.06","9.34","20.5","14.87","85"
"Nigeria","2025","24","275.27","18.52","13.36","16.28","10.75","83.33"
"Nigeria","2026","20","333.34","19.34","39.56","8.92","13.41","87.5"
"Norway","2012","8","381.62","12","3.26","30.29","12.39","42.86"
"Norway","2013","6","360.17","27.38","0.76","14.98","5.8","83.33"
"Norway","2014","8","292.05","29.14","0.7","10.84","4.32","75"
"Norway","2015","12","337.28","7.88","1.23","12.2","5.75","60"
"Norway","2016","32","288.57","20.87","4.46","20.62","6.14","62.96"
"Norway","2017","50","306.06","17.22","0.77","20.9","9.42","68.89"
"Norway","2018","104","360.34","19.58","3.02","15.85","8.45","58.43"
"Norway","2019","64","275.98","9.89","3.09","14.83","9.1","67.27"
"Norway","2020","67","267.24","19.19","1.95","18.02","6.82","64.81"
"Norway","2021","157","327.2","10.2","1.62","19.54","9.11","60.5"
"Norway","2022","99","268.36","9.19","1.45","18.2","8.6","70.73"
"Norway","2023","81","311.73","12.19","0.96","18.03","9.05","70.77"
"Norway","2024","196","270.17","13.69","8.88","15.76","8.35","60.34"
"Norway","2025","44","289.87","15.36","0.69","17.17","7.59","70.97"
"Poland","2012","27","308.38","13.98","1.26","21.61","8.29","59.26"
"Poland","2013","42","349.98","15.72","1.07","12.76","9.07","36.59"
"Poland","2014","37","375.88","17.65","1.32","24.01","10.25","65.71"
"Poland","2015","91","347.22","21.62","0.6","14.15","7.28","67.42"
"Poland","2016","63","341.09","18.08","1.07","18.4","8.15","61.29"
"Poland","2017","84","332.78","20.71","0.76","18.12","7.91","68.67"
"Poland","2018","102","293.57","18.95","0.94","13.49","6.74","68.42"
"Poland","2019","101","272.12","14.34","1.02","18.5","8.29","65.96"
"Poland","2020","83","301.69","11.31","1.74","19.9","9.61","70.89"
"Poland","2021","59","363.84","8.79","0.73","13.67","10.49","76.92"
"Poland","2022","52","231.13","14.15","0.55","13.13","5.73","75"
"Poland","2023","71","320.87","12.08","0.67","18.09","7.91","63.93"
"Poland","2024","73","328.54","16.77","0.53","18.62","9.02","73.13"
"Poland","2025","21","441.14","10.45","0.71","19.7","13.05","66.67"
"Poland","2026","1","542","","","35","4.4",""
"Portugal","2012","30","389.36","16.01","1.14","25.08","10.19","53.57"
"Portugal","2013","28","360.53","11.97","1.26","19.13","8.18","64.29"
"Portugal","2014","33","398.94","11.26","0.67","20.15","7.68","51.61"
"Portugal","2015","44","322.65","15.38","0.73","15.12","5.77","66.67"
"Portugal","2016","49","397.19","13.48","1.08","15.93","8","69.57"
"Portugal","2017","93","341.79","11.01","0.67","17.19","8.29","64.04"
"Portugal","2018","125","309.65","10.47","0.68","13.58","8.77","70.43"
"Portugal","2019","93","364.93","11.06","0.83","15.62","7.66","67.42"
"Portugal","2020","56","359.42","7.51","0.55","16.47","10.25","63.46"
"Portugal","2021","73","286.37","8.53","0.71","13.53","9.6","61.43"
"Portugal","2022","61","310.59","12.59","0.68","13.78","8.55","68.42"
"Portugal","2023","65","323.09","9.63","0.77","15.41","9.33","65.52"
"Portugal","2024","69","281.12","11.97","0.47","12.73","10.43","82.76"
"Portugal","2025","36","261.31","8.35","0.65","15.12","8.17","77.78"
"Singapore","2012","3","495.33","19.17","0.04","29.67","9.67","33.33"
"Singapore","2013","4","197.92","21.85","0.84","5.1","2.12","50"
"Singapore","2014","5","279.29","21.83","0.48","14.88","10.6","60"
"Singapore","2015","8","199.66","13.34","0.48","2.17","6.18","50"
"Singapore","2016","18","210.91","8.59","0.83","15.25","6.63","58.82"
"Singapore","2017","37","276.73","14.55","0.76","20.77","9.72","54.29"
"Singapore","2018","74","315.95","11.87","1.24","14.83","9.01","52.54"
"Singapore","2019","169","268.83","13.68","0.71","16.27","8.14","76.15"
"Singapore","2020","59","324.18","15.46","21.87","21.97","9.1","68.75"
"Singapore","2021","47","307.39","14.49","1.01","16.94","8.15","68"
"Singapore","2022","58","308.93","10.99","3.44","12.94","8.71","52.17"
"Singapore","2023","36","319.14","15.17","1.09","25.44","9.92","47.06"
"Singapore","2024","130","300.68","13.06","4.18","16.94","9.75","78.38"
"Singapore","2025","131","307.7","14.56","2.25","18.24","8.25","64.71"
"South Africa","2012","1","46.06","11.52","0.01","","","100"
"South Africa","2013","3","43.04","10.9","","","","66.67"
"South Africa","2014","4","287.41","6.35","1.25","21.93","14.6","0"
"South Africa","2015","3","144.18","4.98","0.06","1.61","8.4","33.33"
"South Africa","2016","4","109.92","7.2","0.65","6.83","7.1","75"
"South Africa","2017","6","374.84","18.88","0.49","15.78","10.87","80"
"South Africa","2018","59","334.87","16.38","1.86","14.21","10.74","63.27"
"South Africa","2019","32","228.68","12.5","46.41","9.83","8.45","78.26"
"South Africa","2020","32","351.58","10.46","1.24","18.21","9.54","64"
"South Africa","2021","43","339.87","11.26","513.82","19.49","9.51","70.37"
"South Africa","2022","63","348.17","11.79","57.58","16.05","7.2","84"
"South Africa","2023","72","297.85","11.59","1.1","12.88","7.81","68.42"
"South Africa","2024","185","289.13","12.32","31.92","13.5","9.47","69.7"
"South Africa","2025","112","297.01","12.22","223.34","15","7.71","73.33"
"South Africa","2026","3","562.54","34.48","0.4","37.3","12.41","100"
"South Korea","2013","3","280.6","13.93","0.58","10.4","4.74","100"
"South Korea","2015","2","358.42","3.33","2.71","8.47","24.67","0"
"South Korea","2016","5","342.61","11.1","1.15","10.03","5.68","100"
"South Korea","2017","14","339.64","19.76","1.65","13.39","6.24","75"
"South Korea","2018","10","386.3","17.85","4.57","41.39","4.42","80"
"South Korea","2019","38","310.6","23.38","2.22","21.62","9.04","71.43"
"South Korea","2020","32","320.29","14.81","73.22","14.9","10.81","72.73"
"South Korea","2021","114","245.34","13.12","0.96","12.24","9.41","70"
"South Korea","2022","148","268.3","14.94","0.99","12.56","11.17","100"
"South Korea","2023","75","255.34","14.62","2.83","10.11","9.4","100"
"South Korea","2024","30","208.53","11.99","1.46","10.21","5.77","100"
"South Korea","2025","145","229.7","9.43","0.94","11.89","8.97","60"
"South Korea","2026","7","133.99","0.53","0.95","6.41","6.49",""
"Spain","2012","64","307.13","13.58","1.33","18.19","8.86","49.21"
"Spain","2013","76","323.2","15.69","1.09","15.86","8.31","49.33"
"Spain","2014","57","309.11","13.66","1.41","17.7","9.78","53.7"
"Spain","2015","93","302.15","13.64","0.67","14.61","8.38","54.35"
"Spain","2016","72","354.26","12.09","1.14","16.32","7.77","63.38"
"Spain","2017","114","335.46","12.86","0.7","16.31","8.57","61.26"
"Spain","2018","104","304.27","13.77","0.74","15.78","8.85","66.67"
"Spain","2019","85","425.33","8.97","0.96","18.89","9.35","64.56"
"Spain","2020","51","310.47","11.26","1.23","15.42","9.29","67.35"
"Spain","2021","77","306.97","12.43","0.46","13.88","9.21","61.33"
"Spain","2022","51","320.45","11.29","0.79","17.3","9.71","66.67"
"Spain","2023","50","328.84","9.8","0.79","15.73","11.05","61.7"
"Spain","2024","46","328.62","11.01","0.61","16.93","9.39","77.5"
"Spain","2025","6","396.6","9.37","1.09","21.18","8.42","83.33"
"Sri Lanka","2014","1","22.16","1.48","0.04","0.72","0.84","0"
"Sri Lanka","2015","1","42","3","0.13","2","2.6","100"
"Sri Lanka","2018","3","488.78","3.07","180.3","23.98","13.87","100"
"Sri Lanka","2019","10","449.83","20.73","0.94","28.37","10.8","60"
"Sri Lanka","2020","9","319.05","34.23","0.44","22.75","3.61","50"
"Sri Lanka","2021","10","316.19","9.67","115.05","15.11","8.14","100"
"Sri Lanka","2022","16","271.92","15.37","3.48","11.02","13.21","100"
"Sri Lanka","2023","10","398.85","19.45","0.72","21.97","8.07","80"
"Sri Lanka","2024","26","272.21","16.3","9.13","13.28","14","33.33"
"Sri Lanka","2025","57","313.63","20.02","3.04","13.25","13.3","100"
"Sri Lanka","2026","34","277.65","17","1.05","11.26","21.95","75"
"Sweden","2012","15","351.31","25.86","0.55","23.27","8.52","57.14"
"Sweden","2013","10","361.23","31.29","0.61","20.88","6.32","80"
"Sweden","2014","19","282.89","21.57","1.04","13.19","5.91","57.89"
"Sweden","2015","30","315.43","13.97","1.06","18.35","7.05","50"
"Sweden","2016","45","260.04","14.45","3.29","16.88","7.53","33.33"
"Sweden","2017","105","276.43","14.9","2.15","15.43","7.64","71.29"
"Sweden","2018","108","292.98","12.47","3.86","12.52","8.75","63.27"
"Sweden","2019","115","289.33","10.86","1.17","19.18","8.83","64.22"
"Sweden","2020","87","346.94","20.32","1.99","20.28","7.08","74.36"
"Sweden","2021","105","281.83","10.56","0.63","17.64","7.09","65.43"
"Sweden","2022","79","243.93","8.47","2.82","14.12","10.11","61.67"
"Sweden","2023","73","329.18","12.11","1.96","17.65","11.13","54.39"
"Sweden","2024","101","360.51","13.8","0.97","22.68","9.03","52.24"
"Sweden","2025","45","361.95","17.19","0.86","25.26","7.89","70"
"Switzerland","2012","106","292.92","15.63","3.6","17.13","8.43","47.62"
"Switzerland","2013","170","321.88","16.96","2.25","15.19","7.93","55.15"
"Switzerland","2014","113","282.84","16.05","1.02","14.01","6.79","58.33"
"Switzerland","2015","159","436.04","14.38","1.07","16.98","6.96","57.23"
"Switzerland","2016","105","311.28","15.58","1.05","16.83","7.06","61.76"
"Switzerland","2017","83","316.31","15.88","0.77","19.06","6.25","66.25"
"Switzerland","2018","64","309.26","17.11","0.56","15.46","8.29","65.08"
"Switzerland","2019","30","321.75","10.22","0.5","25.68","6.05","66.67"
"Switzerland","2020","25","277.26","10.71","0.52","15.6","10.15","86.96"
"Switzerland","2021","21","215.32","6.47","0.51","8.67","8.76","61.9"
"Switzerland","2022","12","460.48","16.65","1.43","21.85","6.24","63.64"
"Switzerland","2023","20","310.29","19.96","0.56","17.13","8.69","70"
"Switzerland","2024","25","292.32","23.71","0.82","13.04","7.43","88"
"Switzerland","2025","4","293.5","5.6","0.63","2.68","16.38","25"
"Thailand","2012","4","318.5","35.57","0.89","19.45","3.62","75"
"Thailand","2013","5","524.18","29.74","0.07","32.03","9.66","60"
"Thailand","2014","10","301.26","11.55","5.42","15.54","7.03","70"
"Thailand","2015","25","291.59","17.25","2.66","17.21","10.37","55"
"Thailand","2016","33","189.31","15.85","3.83","15.49","5.5","63.16"
"Thailand","2017","52","300.92","19.61","1.81","29.06","11.54","65"
"Thailand","2018","73","341.66","19.56","8.49","16.49","7.33","78.95"
"Thailand","2019","193","279.69","15.56","0.95","15.7","7.46","86.54"
"Thailand","2020","40","260.71","11.44","1.88","15.6","9.48","80.95"
"Thailand","2021","37","262.85","11.12","1.16","13.17","10.56","85.71"
"Thailand","2022","36","273.57","15.53","1.03","13.66","10.7","77.78"
"Thailand","2023","33","240.23","14.07","0.89","15.26","12.81","85.71"
"Thailand","2024","63","199.67","7.69","0.92","13.05","9.06","85.71"
"Thailand","2025","75","213.93","6.69","0.69","10.17","8.76","100"
"Thailand","2026","2","158","9.62","0.6","2.77","6.81","100"
"United Kingdom","2012","38","292.59","14.13","1.58","21.76","7.57","50"
"United Kingdom","2013","38","338.19","17.66","0.9","21.09","8.96","52.63"
"United Kingdom","2014","51","315.39","14.24","1.89","18.43","6.92","47.06"
"United Kingdom","2015","83","268.33","10.79","2.99","13.21","6.7","48.75"
"United Kingdom","2016","60","351.65","9.81","1.25","21.59","8.67","52.54"
"United Kingdom","2017","93","333.52","14.07","1.71","16.02","9.55","56.52"
"United Kingdom","2018","122","606.25","10.64","1","13.8","9.38","55"
"United Kingdom","2019","130","465.92","7.08","0.71","20.14","7.74","47.24"
"United Kingdom","2020","82","317.18","10.8","0.5","14.26","9.12","46.91"
"United Kingdom","2021","63","347.3","13.6","0.59","19.86","9.99","53.97"
"United Kingdom","2022","62","289.06","9.49","0.79","14.6","9.02","53.45"
"United Kingdom","2023","70","409.2","10.31","0.65","23.81","8.82","66.67"
"United Kingdom","2024","55","396.74","13.75","0.57","22.24","9.17","66.04"
"United Kingdom","2025","14","385.05","13.56","0.53","18.06","10.35","71.43"
"United States","2012","8","236.14","14.95","1.14","23.62","4.86","50"
"United States","2013","25","374.93","16.5","0.67","19.85","8.59","60"
"United States","2014","18","325.43","13.19","2.84","21.11","9.71","46.67"
"United States","2015","105","590.14","18.35","1.2","17.46","9.25","60.78"
"United States","2016","57","311.31","9.87","0.82","20.37","8.26","51.85"
"United States","2017","208","355.25","11.13","0.96","19.05","10.79","52.79"
"United States","2018","108","333.27","18.77","0.98","19.34","8.48","58.42"
"United States","2019","94","328.12","13.23","1.89","15.52","11.9","69.32"
"United States","2020","76","345.51","15.01","6.1","18.72","11.31","58.9"
"United States","2021","58","379.04","9.18","0.82","19.9","13.86","49.12"
"United States","2022","49","339.4","10.51","1.49","19.45","11.06","48.72"
"United States","2023","37","298.38","14.95","0.54","16.28","10.55","75"
"United States","2024","42","300.09","12.97","32.14","16.56","13.78","63.64"
"United States","2025","28","336.48","19.25","32.74","17","12.01","72.22"
